{
   "input_settings": {
      "settings": {
         "epoch_n": 10,
         "image_size": 572,
         "use_gpu": true
      },
      "model_params": {
         "use_existing_model": false,
         "existing_model_filename": "some_file.pt",
         "final_model_filename": "final-models/experiment-7.pt",
         "experiment_info_filename": "experiment-info/experiment-7-info.json",
         "criterion": "CrossEntropyLoss",
         "optimizer": {
            "name": "Adam",
            "lr": 1e-05,
            "weight_decay": 0.0005
         }
      },
      "dataset_params": {
         "images_directory": "data/cells",
         "train_test_split": 0.8,
         "batch_size": 4,
         "augment_data": true
      }
   },
   "training": {
      "0": {
         "batch_loss": [
            0.24188339710235596,
            0.24049530923366547,
            0.23899823427200317,
            0.23842573165893555,
            0.2372562736272812,
            0.23424814641475677,
            0.2366144359111786,
            0.2362101674079895
         ],
         "epoch_loss": 0.2538842260837555,
         "accuracy": 0.0,
         "eval_loss": 0.1928091049194336
      },
      "1": {
         "batch_loss": [
            0.23505420982837677,
            0.23098015785217285,
            0.23273934423923492,
            0.2322426289319992,
            0.2317468822002411,
            0.23045124113559723,
            0.22997139394283295,
            0.23058341443538666
         ],
         "epoch_loss": 0.24716923634211221,
         "accuracy": 0.0,
         "eval_loss": 0.19330690801143646
      },
      "2": {
         "batch_loss": [
            0.22703194618225098,
            0.22686655819416046,
            0.22793392837047577,
            0.22659242153167725,
            0.22732575237751007,
            0.22516128420829773,
            0.21574293076992035,
            0.2254357784986496
         ],
         "epoch_loss": 0.24027874668439228,
         "accuracy": 4.898899989371878e-05,
         "eval_loss": 0.1940874382853508
      },
      "3": {
         "batch_loss": [
            0.22180534899234772,
            0.22136245667934418,
            0.2209112048149109,
            0.21991302073001862,
            0.21745623648166656,
            0.21795779466629028,
            0.20871078968048096,
            0.2178758978843689
         ],
         "epoch_loss": 0.23279903332392374,
         "accuracy": 0.002564034435115315,
         "eval_loss": 0.19441505521535873
      },
      "4": {
         "batch_loss": [
            0.21575753390789032,
            0.2159183770418167,
            0.20719392597675323,
            0.21061256527900696,
            0.2062053084373474,
            0.20513972640037537,
            0.211355060338974,
            0.2080710232257843
         ],
         "epoch_loss": 0.22403380274772644,
         "accuracy": 0.05626594218301626,
         "eval_loss": 0.19261237978935242
      },
      "5": {
         "batch_loss": [
            0.19824491441249847,
            0.20858526229858398,
            0.20376905798912048,
            0.20664262771606445,
            0.20300740003585815,
            0.19967520236968994,
            0.19769315421581268,
            0.2002418041229248
         ],
         "epoch_loss": 0.2157145897547404,
         "accuracy": 0.2084523461579339,
         "eval_loss": 0.18988416343927383
      },
      "6": {
         "batch_loss": [
            0.1983739137649536,
            0.1994761824607849,
            0.19472400844097137,
            0.19036954641342163,
            0.18772396445274353,
            0.19608689844608307,
            0.1927577406167984,
            0.1901296228170395
         ],
         "epoch_loss": 0.2066189169883728,
         "accuracy": 0.33691727999787435,
         "eval_loss": 0.18622717261314392
      },
      "7": {
         "batch_loss": [
            0.18879899382591248,
            0.1892983764410019,
            0.18171246349811554,
            0.18606820702552795,
            0.1873009204864502,
            0.1870138794183731,
            0.18153150379657745,
            0.1804148405790329
         ],
         "epoch_loss": 0.19761855800946554,
         "accuracy": 0.45332012567754276,
         "eval_loss": 0.17436732351779938
      },
      "8": {
         "batch_loss": [
            0.18490809202194214,
            0.18083688616752625,
            0.1794711947441101,
            0.17517641186714172,
            0.17769862711429596,
            0.16978894174098969,
            0.17244824767112732,
            0.179303377866745
         ],
         "epoch_loss": 0.18928423722585042,
         "accuracy": 0.5451537424274631,
         "eval_loss": 0.16778486967086792
      },
      "9": {
         "batch_loss": [
            0.1736164093017578,
            0.16664518415927887,
            0.1668887883424759,
            0.16693317890167236,
            0.16816507279872894,
            0.1680569052696228,
            0.16294711828231812,
            0.16378842294216156
         ],
         "epoch_loss": 0.1782721439997355,
         "accuracy": 0.6639636916781805,
         "eval_loss": 0.15951992571353912
      }
   }
}