{
   "input_settings": {
      "settings": {
         "epoch_n": 5,
         "image_size": 572,
         "use_gpu": true
      },
      "model_params": {
         "use_existing_model": true,
         "existing_model_filename": "final-models/experiment-9.pt",
         "final_model_filename": "final-models/experiment-10.pt",
         "experiment_info_filename": "experiment-info/experiment-10-info.json",
         "criterion": "CrossEntropyLoss",
         "optimizer": {
            "name": "Adam",
            "lr": 1e-06,
            "weight_decay": 0.0005
         }
      },
      "dataset_params": {
         "images_directory": "data/cells",
         "train_test_split": 0.8,
         "batch_size": 4,
         "augment_data": true
      }
   },
   "training": {
      "0": {
         "batch_loss": [
            0.15553784370422363,
            0.1548941433429718,
            0.15600772202014923,
            0.15422610938549042,
            0.1560414731502533,
            0.15512050688266754,
            0.15961922705173492,
            0.15262357890605927
         ],
         "epoch_loss": 0.16587608059247336,
         "accuracy": 0.77386511584653,
         "eval_loss": 0.150458924472332
      },
      "1": {
         "batch_loss": [
            0.1575741022825241,
            0.15519513189792633,
            0.15207353234291077,
            0.15116873383522034,
            0.15388768911361694,
            0.15581244230270386,
            0.1601799726486206,
            0.15370972454547882
         ],
         "epoch_loss": 0.1652801771958669,
         "accuracy": 0.7674791090976725,
         "eval_loss": 0.14951758831739426
      },
      "2": {
         "batch_loss": [
            0.15279151499271393,
            0.1537405103445053,
            0.15386423468589783,
            0.15370051562786102,
            0.15452474355697632,
            0.15641285479068756,
            0.1510743498802185,
            0.15651647746562958
         ],
         "epoch_loss": 0.164350026845932,
         "accuracy": 0.7735911095759379,
         "eval_loss": 0.14935392886400223
      },
      "3": {
         "batch_loss": [
            0.15252995491027832,
            0.15173962712287903,
            0.15971605479717255,
            0.15126478672027588,
            0.15528520941734314,
            0.15188419818878174,
            0.14950205385684967,
            0.15793058276176453
         ],
         "epoch_loss": 0.16398032903671264,
         "accuracy": 0.7822488774046126,
         "eval_loss": 0.14886456727981567
      },
      "4": {
         "batch_loss": [
            0.15586718916893005,
            0.15492981672286987,
            0.14987918734550476,
            0.15156646072864532,
            0.1561739444732666,
            0.15184518694877625,
            0.15127381682395935,
            0.1576113998889923
         ],
         "epoch_loss": 0.1638862669467926,
         "accuracy": 0.7883110585609523,
         "eval_loss": 0.14873579889535904
      }
   }
}