{
   "input_settings": {
      "settings": {
         "epoch_n": 5,
         "image_size": 572,
         "use_gpu": true
      },
      "model_params": {
         "use_existing_model": true,
         "existing_model_filename": "final-models/experiment-10.pt",
         "final_model_filename": "final-models/experiment-11.pt",
         "experiment_info_filename": "experiment-info/experiment-11-info.json",
         "criterion": "CrossEntropyLoss",
         "optimizer": {
            "name": "Adam",
            "lr": 1e-06,
            "weight_decay": 0.0005
         }
      },
      "dataset_params": {
         "images_directory": "data/cells",
         "train_test_split": 0.8,
         "batch_size": 4,
         "augment_data": true
      }
   },
   "training": {
      "0": {
         "batch_loss": [
            0.15044118463993073,
            0.14903846383094788,
            0.1565341353416443,
            0.14843423664569855,
            0.15502282977104187,
            0.15379926562309265,
            0.15689940750598907,
            0.15145260095596313
         ],
         "epoch_loss": 0.1628829499085744,
         "accuracy": 0.795590491816346,
         "eval_loss": 0.14812810719013214
      },
      "1": {
         "batch_loss": [
            0.15573324263095856,
            0.1572290062904358,
            0.14913953840732574,
            0.1540207862854004,
            0.14768406748771667,
            0.15136723220348358,
            0.1491583287715912,
            0.14918553829193115
         ],
         "epoch_loss": 0.16180236538251241,
         "accuracy": 0.8053774976086725,
         "eval_loss": 0.14800365269184113
      },
      "2": {
         "batch_loss": [
            0.15891891717910767,
            0.1480853110551834,
            0.15811794996261597,
            0.1521255522966385,
            0.14621984958648682,
            0.14837558567523956,
            0.14930398762226105,
            0.15108942985534668
         ],
         "epoch_loss": 0.16163154443105063,
         "accuracy": 0.8217365022850462,
         "eval_loss": 0.14659235626459122
      },
      "3": {
         "batch_loss": [
            0.1494765430688858,
            0.14986157417297363,
            0.15352842211723328,
            0.14841727912425995,
            0.14660458266735077,
            0.14690588414669037,
            0.15225102007389069,
            0.15378732979297638
         ],
         "epoch_loss": 0.16011101802190145,
         "accuracy": 0.8277314273567861,
         "eval_loss": 0.14569196105003357
      },
      "4": {
         "batch_loss": [
            0.15472392737865448,
            0.14407190680503845,
            0.14662933349609375,
            0.1564454287290573,
            0.1555747240781784,
            0.14999909698963165,
            0.14871007204055786,
            0.15112634003162384
         ],
         "epoch_loss": 0.1609707772731781,
         "accuracy": 0.8252014361249868,
         "eval_loss": 0.14573530852794647
      }
   }
}