{
   "input_settings": {
      "settings": {
         "epoch_n": 5,
         "image_size": 572,
         "use_gpu": true
      },
      "model_params": {
         "use_existing_model": true,
         "existing_model_filename": "final-models/experiment-7.pt",
         "final_model_filename": "final-models/experiment-8.pt",
         "experiment_info_filename": "experiment-info/experiment-8-info.json",
         "criterion": "CrossEntropyLoss",
         "optimizer": {
            "name": "Adam",
            "lr": 1e-06,
            "weight_decay": 0.0005
         }
      },
      "dataset_params": {
         "images_directory": "data/cells",
         "train_test_split": 0.8,
         "batch_size": 4,
         "augment_data": true
      }
   },
   "training": {
      "0": {
         "batch_loss": [
            0.16312482953071594,
            0.16200847923755646,
            0.1689981371164322,
            0.15581122040748596,
            0.16529777646064758,
            0.16476354002952576,
            0.16233472526073456,
            0.1609611064195633
         ],
         "epoch_loss": 0.17377330859502158,
         "accuracy": 0.6725035537782974,
         "eval_loss": 0.15876583755016327
      },
      "1": {
         "batch_loss": [
            0.1667795330286026,
            0.16539405286312103,
            0.15985433757305145,
            0.15968556702136993,
            0.16039031744003296,
            0.15791389346122742,
            0.15900209546089172,
            0.16098330914974213
         ],
         "epoch_loss": 0.1720004141330719,
         "accuracy": 0.695877949303858,
         "eval_loss": 0.15716707706451416
      },
      "2": {
         "batch_loss": [
            0.15831202268600464,
            0.16448669135570526,
            0.16256144642829895,
            0.1594700962305069,
            0.15735331177711487,
            0.1613447666168213,
            0.16136205196380615,
            0.1650032103061676
         ],
         "epoch_loss": 0.17198581298192342,
         "accuracy": 0.6955474811350835,
         "eval_loss": 0.1559062972664833
      },
      "3": {
         "batch_loss": [
            0.16436898708343506,
            0.1618703156709671,
            0.16187293827533722,
            0.16336679458618164,
            0.15528558194637299,
            0.16085350513458252,
            0.16017325222492218,
            0.16771827638149261
         ],
         "epoch_loss": 0.17273462017377217,
         "accuracy": 0.6899602441811032,
         "eval_loss": 0.15499942004680634
      },
      "4": {
         "batch_loss": [
            0.16004183888435364,
            0.1603134572505951,
            0.16240891814231873,
            0.15759877860546112,
            0.16043804585933685,
            0.159372940659523,
            0.16248883306980133,
            0.16743800044059753
         ],
         "epoch_loss": 0.1720134417215983,
         "accuracy": 0.7076079086512913,
         "eval_loss": 0.1559421643614769
      }
   }
}