{
   "input_settings": {
      "settings": {
         "epoch_n": 5,
         "image_size": 572,
         "use_gpu": true
      },
      "model_params": {
         "use_existing_model": true,
         "existing_model_filename": "final-models/experiment-8.pt",
         "final_model_filename": "final-models/experiment-9.pt",
         "experiment_info_filename": "experiment-info/experiment-9-info.json",
         "criterion": "CrossEntropyLoss",
         "optimizer": {
            "name": "Adam",
            "lr": 1e-06,
            "weight_decay": 0.0005
         }
      },
      "dataset_params": {
         "images_directory": "data/cells",
         "train_test_split": 0.8,
         "batch_size": 4,
         "augment_data": true
      }
   },
   "training": {
      "0": {
         "batch_loss": [
            0.16012510657310486,
            0.16316214203834534,
            0.15682776272296906,
            0.15865878760814667,
            0.1610632687807083,
            0.15794655680656433,
            0.15770895779132843,
            0.1606013923883438
         ],
         "epoch_loss": 0.17014586329460143,
         "accuracy": 0.7223079299075353,
         "eval_loss": 0.15536710619926453
      },
      "1": {
         "batch_loss": [
            0.16321253776550293,
            0.16004256904125214,
            0.15618866682052612,
            0.1548948884010315,
            0.15732316672801971,
            0.15823496878147125,
            0.16029676795005798,
            0.1605510115623474
         ],
         "epoch_loss": 0.1694326102733612,
         "accuracy": 0.7403566399192263,
         "eval_loss": 0.1540382131934166
      },
      "2": {
         "batch_loss": [
            0.15936948359012604,
            0.15417979657649994,
            0.15719883143901825,
            0.1609010547399521,
            0.16195718944072723,
            0.15642739832401276,
            0.15561996400356293,
            0.16138502955436707
         ],
         "epoch_loss": 0.16893849968910218,
         "accuracy": 0.7309847951429482,
         "eval_loss": 0.1537475436925888
      },
      "3": {
         "batch_loss": [
            0.1585821509361267,
            0.15738923847675323,
            0.16344214975833893,
            0.15882298350334167,
            0.15336881577968597,
            0.15592139959335327,
            0.1540966033935547,
            0.15721990168094635
         ],
         "epoch_loss": 0.16784576574961343,
         "accuracy": 0.7470930425656287,
         "eval_loss": 0.15254708379507065
      },
      "4": {
         "batch_loss": [
            0.15494544804096222,
            0.1530175805091858,
            0.15496662259101868,
            0.16266298294067383,
            0.15999028086662292,
            0.1547326147556305,
            0.15161342918872833,
            0.16122710704803467
         ],
         "epoch_loss": 0.16708747545878092,
         "accuracy": 0.7487088492400893,
         "eval_loss": 0.15108513832092285
      }
   }
}