{
   "input_settings": {
      "settings": {
         "epoch_n": 10,
         "image_size": 572,
         "use_gpu": true
      },
      "model_params": {
         "use_existing_model": true,
         "existing_model_filename": "final-models/experiment-11.pt",
         "final_model_filename": "final-models/experiment-12.pt",
         "experiment_info_filename": "experiment-info/experiment-12-info.json",
         "criterion": "CrossEntropyLoss",
         "optimizer": {
            "name": "Adam",
            "lr": 1e-06,
            "weight_decay": 0.0005
         }
      },
      "dataset_params": {
         "images_directory": "data/cells",
         "train_test_split": 0.8,
         "batch_size": 4,
         "augment_data": true
      }
   },
   "training": {
      "0": {
         "batch_loss": [
            0.1507992148399353,
            0.1508277803659439,
            0.14863401651382446,
            0.15121620893478394,
            0.1526155024766922,
            0.14763320982456207,
            0.14812588691711426,
            0.17212693393230438
         ],
         "epoch_loss": 0.16293050050735475,
         "accuracy": 0.8199297215432033,
         "eval_loss": 0.14611594378948212
      },
      "1": {
         "batch_loss": [
            0.14494012296199799,
            0.14978474378585815,
            0.14708499610424042,
            0.1503491848707199,
            0.14726148545742035,
            0.14615914225578308,
            0.14603906869888306,
            0.15544196963310242
         ],
         "epoch_loss": 0.15827476183573405,
         "accuracy": 0.8280693684238495,
         "eval_loss": 0.14512430131435394
      },
      "2": {
         "batch_loss": [
            0.14855855703353882,
            0.1464320719242096,
            0.14661850035190582,
            0.15035584568977356,
            0.15019401907920837,
            0.1497681736946106,
            0.14841236174106598,
            0.1459714025259018
         ],
         "epoch_loss": 0.15817479093869527,
         "accuracy": 0.8333485559039218,
         "eval_loss": 0.14410268515348434
      },
      "3": {
         "batch_loss": [
            0.14979375898838043,
            0.14525987207889557,
            0.151475191116333,
            0.14838461577892303,
            0.1436193287372589,
            0.14430080354213715,
            0.1473887711763382,
            0.15109050273895264
         ],
         "epoch_loss": 0.15750837922096253,
         "accuracy": 0.8483350382612392,
         "eval_loss": 0.14322597533464432
      },
      "4": {
         "batch_loss": [
            0.1515151411294937,
            0.1464853286743164,
            0.14652550220489502,
            0.144133523106575,
            0.14732839167118073,
            0.14325107634067535,
            0.1488676518201828,
            0.14326903223991394
         ],
         "epoch_loss": 0.1561834196249644,
         "accuracy": 0.8578189765118504,
         "eval_loss": 0.14221956580877304
      },
      "5": {
         "batch_loss": [
            0.14836715161800385,
            0.1455717384815216,
            0.14580737054347992,
            0.146092027425766,
            0.14281770586967468,
            0.1498567759990692,
            0.1479903608560562,
            0.14458200335502625
         ],
         "epoch_loss": 0.15614468455314637,
         "accuracy": 0.8554990567541715,
         "eval_loss": 0.1420104205608368
      },
      "6": {
         "batch_loss": [
            0.14640164375305176,
            0.14658908545970917,
            0.1488875150680542,
            0.14860311150550842,
            0.15057945251464844,
            0.1440512090921402,
            0.14498645067214966,
            0.14746108651161194
         ],
         "epoch_loss": 0.15700794061024984,
         "accuracy": 0.8619132944521203,
         "eval_loss": 0.1413237825036049
      },
      "7": {
         "batch_loss": [
            0.1430143564939499,
            0.14514563977718353,
            0.14754213392734528,
            0.14785268902778625,
            0.14501449465751648,
            0.14386892318725586,
            0.14798234403133392,
            0.21299369633197784
         ],
         "epoch_loss": 0.16445523699124653,
         "accuracy": 0.8537686656392816,
         "eval_loss": 0.14261692762374878
      },
      "8": {
         "batch_loss": [
            0.14425499737262726,
            0.14508555829524994,
            0.1552153080701828,
            0.1410256028175354,
            0.14474071562290192,
            0.14310026168823242,
            0.1445680558681488,
            0.15062370896339417
         ],
         "epoch_loss": 0.15581522782643636,
         "accuracy": 0.8681996625571261,
         "eval_loss": 0.14117003232240677
      },
      "9": {
         "batch_loss": [
            0.14447633922100067,
            0.14416247606277466,
            0.1455680876970291,
            0.14086663722991943,
            0.1502012014389038,
            0.14866818487644196,
            0.14532668888568878,
            0.14970847964286804
         ],
         "epoch_loss": 0.15586374600728353,
         "accuracy": 0.8645296391752577,
         "eval_loss": 0.1410580575466156
      }
   }
}